,x,y,z,B_Gx,B_Gy,B_Gz
0,-2.9182457498532792,-2.225215368945648,-2.252270227279155,-4.442489471413276e-06,-4.993772051867385e-06,-4.646379213476613e-06
1,-1.3906649666982207,17.42093191611404,-2.320358675040302,-2.1983453054416206e-06,3.827834838018348e-05,-5.037196156666233e-06
2,17.455094214772654,-2.198981725751351,-2.087227712118119,2.6990795139033234e-05,-5.297740785459313e-06,-5.623421571450665e-06
3,-22.200858111574693,-2.3611298976501143,-2.4147746840674578,-3.392168936591168e-05,-4.972059999467962e-06,-5.384588995057008e-06
4,-2.85887740532385,-23.020132075020264,-2.550673661713416,-4.564619766160033e-06,-5.1566124448630614e-05,-4.32069842748526e-06
5,-2.275544134772072,37.31389651777437,-2.287152209697088,-3.2669853844757426e-06,8.168074112663088e-05,-5.341164890258161e-06
6,37.11203294315294,-1.9895084548212665,-2.7131373484629826,5.755390139940911e-05,-3.7344730127008274e-06,-5.623421571450665e-06
7,-42.365331257855935,-2.34794214497729,-2.630226927757059,-6.538550655004488e-05,-5.2543166806604665e-06,-5.210892575861621e-06
8,-3.165842019146745,-42.55547102928489,-2.970368816223832,-4.610418626690066e-06,-9.37526422607103e-05,-7.403809868203386e-06
9,-1.908884060563944,57.48958404789107,-2.109902613608717,-2.7173990581153373e-06,0.00012493114950628233,-4.4943948466806476e-06
10,-61.77376333273025,-2.14503403262907,-2.67263808533804,-9.549062420512041e-05,-4.624667161077187e-06,-6.274783143433368e-06
11,118.9120583959366,85.47452238644924,-2.1434226981793856,0.00017679886793277373,0.000178603343037657,-4.342410479884684e-06
12,105.79130153766482,101.79253018623444,-1.783992975207115,0.00015672370073377555,0.00021332091482433504,-4.147002008289872e-06
13,129.4162297427873,68.27677668588767,-2.273241039800326,0.00019253840966826198,0.00014249619989741585,-4.733227423074306e-06
14,137.50968968265,50.39773814205502,-2.3742183843661504,0.0002054842209114182,0.00010467380461762029,-4.993772051867386e-06
15,143.28735124425208,31.235436502147166,-2.2481964553111853,0.00021397227639631777,6.431109920709215e-05,-3.0396873359192787e-06
16,105.32490238846856,95.94977063066528,33.06829803180813,0.00015849459000760353,0.00020619936163732418,6.159709265716424e-05
17,117.2501822531108,80.80708686496307,32.95232517547513,0.00017797437201971122,0.00017328389019979828,6.181421318115848e-05
18,132.63478723761318,-67.0877688465665,-3.0399032249797537,0.00019711829572126535,-0.00013971705719028964,-5.90567825264317e-06
19,139.60141839146502,-48.182676850440046,-3.304344379523915,0.00020875120629589394,-0.00010015769771854022,-6.122798776637403e-06
20,123.08836894388406,-84.1281640708428,-3.5197986062216,0.00018287485009642484,-0.00017502085439175213,-5.601709519051242e-06
21,144.6218490607069,-28.63761679395288,-2.439742382526436,0.00021646068115178295,-6.001211283200632e-05,-3.321944017111783e-06
22,-93.24302069966122,116.82822664878996,-2.938169168233924,-0.0001361600123557904,0.0002468443237290448,-7.251825501407422e-06
23,90.40812678684487,110.19029422272176,33.36294590132119,0.00013580888775839347,0.00023881086434125812,6.45282197310864e-05
24,89.89704993616853,111.79154437223887,-37.20913293796577,0.00013522876885834636,0.000238854288446057,-6.695996959982183e-05
25,147.0109059564795,11.5573833698452,-2.5888811256527555,0.0002200482585599689,2.410037816335999e-05,-4.906923842269692e-06
26,96.69983560601725,-114.81578273062983,-3.5286595035754185,0.00014144214760358764,-0.00024106891779079818,-6.274783143433368e-06
27,147.27989985724662,-8.551774740698159,-2.430559607398336,0.00022042991573105252,-1.8824349430300102e-05,-4.8634997374708465e-06
28,110.85254213995368,-101.618075179774,-3.4961100971625823,0.0001625248897342465,-0.0002128215376191483,-7.186689344209152e-06
29,-108.86838690240468,102.89653598992646,-2.4780272742228,-0.00016011281641299804,0.0002165125865270503,-6.643888034223566e-06
30,33.12687551387273,-44.2140186211653,138.20529346460475,5.005815455932691e-05,-9.17985575447622e-05,0.0002926350422394288
31,127.003612639869,65.23824712907921,-37.624453344929606,0.0001933322565841159,0.0001376109881075456,-6.789358785299703e-05
32,74.09349825716198,122.33080593162414,33.21064517970707,0.00011197821399593256,0.0002641054053865864,6.370316173990831e-05
33,105.01895032204123,97.84838212615044,-37.106166726252766,0.00015912050776818067,0.00020832714277246766,-6.828440479618665e-05
34,116.90180523452808,82.40402507555464,-37.34994196277025,0.00017837129547763818,0.00017404381203377808,-6.856666147737916e-05
35,-121.75629184474508,88.26099156116405,-2.784469227092425,-0.0001796383972856358,0.00018459586949989788,-6.92614471541607e-06
36,127.56696828186529,64.16853751409522,33.04987270844776,0.00019484361898160698,0.00013752413989794794,6.274783143433367e-05
37,-132.91100332616665,70.84658815307404,-3.063743108045569,-0.00019611072078960462,0.00014779394068287517,-7.034704977413188e-06
38,139.62171548828226,26.164878221683328,33.134087120138695,0.00021400280897000448,5.638620008130261e-05,6.381172200190544e-05
39,134.97428580117287,45.70540733003733,32.98341136498588,0.00020705664845628265,9.744369116861229e-05,6.244386270074176e-05
40,16.010529173132756,-54.072341840317655,138.6163187140183,2.4059668065111076e-05,-0.00011387971483497582,0.00029322126765421333
41,142.43851720646188,6.190417350322607,32.86606707226387,0.00021809417384402083,1.3830577378432716e-05,6.190106139075617e-05
42,141.90037502888904,6.456756700737354,-37.555738305182096,0.0002172850606413236,1.2658126548863851e-05,-6.808899632459184e-05
43,142.30610868052042,-14.471840649244934,32.8597879711606,0.00021731559321501022,-2.9267846634422765e-05,6.400713047350023e-05
44,115.35519498473651,-86.7470958137524,-38.25750298873059,0.0001739898711535983,-0.0001865933783206448,-6.695996959982183e-05
45,139.74128701140572,-33.40237501239076,32.64452969312042,0.00021305629918571712,-6.94568556257555e-05,6.259584706753771e-05
46,125.93574833196126,-69.20934708621304,-38.616103910130576,0.0001913018404339511,-0.00014794592504967113,-6.878378200137339e-05
47,125.95568678465344,-71.06472646410222,32.596606108255195,0.00019169876389187802,-0.0001493572084556337,6.342090505871581e-05
48,139.9836242674834,26.812279419306776,-37.52055566489075,0.00021444553128846148,5.569141440452106e-05,-6.778502759099991e-05
49,134.58616895012636,-53.206618786618506,32.555948663319775,0.000204766705429781,-0.00011066633107986115,6.0706898508787885e-05
50,115.7502936500407,-88.53738439520765,32.22234942047817,0.00017501271237210239,-0.00018700590731623388,6.274783143433367e-05
51,-3.361677760017479,-58.4433333436766,138.1909520611452,-5.679058705724189e-06,-0.00012304220094753248,0.0002929390109730207
52,135.11874448698185,46.14821366297375,-37.412329152972,0.00020742303934052295,9.709629833022151e-05,-6.75896191194051e-05
53,103.02234936312448,-103.35136965917334,32.567756151864074,0.00015557872922052472,-0.00021981281849176262,6.120627571397462e-05
54,-141.4764237381767,52.35117724247341,-2.3135460305118967,-0.00021012517211179495,0.00010810430889672918,-6.144510829036828e-06
55,102.96821230319486,-101.81612723885245,-38.197964296736,0.0001548459474520442,-0.00021907460871018226,-6.745934680500856e-05
56,-92.85943717018117,112.49392265777072,32.66581504701694,-0.00013838889023491872,0.00024234992888236417,6.094573108518154e-05
57,45.14959177070812,-27.594887629531737,138.95618035021295,6.87440896555807e-05,-5.671188086729396e-05,0.00029775908660569276
58,133.97980141613323,-50.86037584203227,-37.60747353427453,0.0002051483626008646,-0.00010847341378751938,-6.756790706700568e-05
59,-107.676419075717,98.97441221986314,32.943395104703185,-0.00016136465193415233,0.00021238729657115983,6.148853239516711e-05
60,138.95015689993355,-32.86589190933301,-38.04489012915847,0.00021343795635680071,-6.982596051654568e-05,-6.787187580059761e-05
61,-76.77320572480734,123.57716915371311,32.83411640185825,-0.00011365750554870048,0.00026810042302808035,6.04463538799948e-05
62,-22.828025952576844,-54.55182526949194,138.59705258193927,-3.508192716600587e-05,-0.00011520415003134064,0.0002931127073922162
63,142.32273766522357,-13.009293956585738,-37.59871089829366,0.00021833843443351433,-2.879018148163545e-05,-6.732907449061202e-05
64,88.31496174432985,-116.87895880383,32.55205556256066,0.00013296935840553136,-0.000249775450802967,6.14668203427677e-05
65,-120.26020842358794,83.5844658294133,32.70790377082807,-0.00018084443394626002,0.00017966723360522877,6.0620050299190186e-05
66,-147.01720702934458,33.72697256875559,-3.331328781902553,-0.0002191475476362116,7.021677745973532e-05,-8.749957116967639e-06
67,88.66880870009544,-115.43071994084104,-38.3326930719331,0.00013235870693179761,-0.0002492977856501796,-6.802386016739357e-05
68,88.19105710664542,93.3736935842241,68.49374261241957,0.00013954912803501292,0.00021158395063238116,0.0001355483431296004
69,-131.04218670505026,66.6882072434511,32.497721244970386,-0.00019728622487654213,0.00014199682269222912,6.0468065932394226e-05
70,50.45310194314378,-9.317877584047,139.06147493693751,7.810232349055092e-05,-1.7152521395544498e-05,0.00030001714005523284
71,-128.69334927577597,-81.72941712027628,-4.323747571949741,-0.00019093544954971079,-0.00017002708233988475,-9.33618253175207e-06
72,-88.06091148229227,-125.23209092601698,-3.773242836367878,-0.0001280078151814444,-0.00026384486075779333,-7.62093039219762e-06
73,-117.15618117581236,-98.242791037211,-4.01737867719973,-0.0001733792196798645,-0.00020487492644095934,-7.794626811393007e-06
74,72.13754111652827,-128.25605553211352,32.32205222277261,0.00010730673022186914,-0.00027533053647708835,6.235701449114406e-05
75,45.55214120094867,-144.76797064080432,-3.8173477353823912,6.541603912373158e-05,-0.0003071169811898442,-8.57626069777225e-06
76,-107.54784054818606,100.19713124193672,-37.99693913996099,-0.0001617768416789226,0.0002133643389291339,-6.843638916298262e-05
77,-103.25038475644666,-112.81515647141542,-3.688773949145233,-0.000152311743836049,-0.00023696533988730713,-8.424276330976285e-06
78,-138.64245081038186,48.12080650633588,32.50696835663811,-0.00020981984637492805,0.00010284999221606871,5.966471999361556e-05
79,-76.49975391620829,125.55690799490272,-37.58104628851096,-0.00011364223926185713,0.0002693380100148475,-6.863179763457743e-05
80,-150.93362825378662,-6.104230754388598,-2.8301272168682154,-0.00022584944756043988,-1.2571278339266158e-05,-7.468946025401656e-06
81,48.46769035001702,10.839916563477248,138.89170945830998,7.4560544942895e-05,2.7552594494868315e-05,0.0003023186176095717
82,101.49362045641352,79.68284280428625,68.49285490936145,0.00016130358678677895,0.00017981921797202471,0.00013580888775839347
83,112.16557249387704,62.93170605101137,68.37510440176789,0.00017887508294346858,0.00014238763963541875,0.0001361997047015831
84,-145.4242177615982,-45.16444135665056,-2.995968282648998,-0.00021649121372546964,-9.34703855795178e-05,-7.230113449007999e-06
85,92.61690014548108,44.9285164124856,103.66151516225992,0.00015069351743065445,0.00010536859029440183,0.00021586122495506762
86,-138.1408156730258,-63.88804303421299,-3.85262715762044,-0.0002063391329746455,-0.00013231324732208626,-8.94536558856245e-06
87,-148.89364166066423,-26.495119902861,-3.7250681950899343,-0.00022314731478916786,-5.423670689375969e-05,-8.424276330976285e-06
88,-39.9313846106383,-43.44617356331877,138.86302239554385,-6.0866685644414884e-05,-9.090836339638584e-05,0.00029665177193332216
89,55.11095960390988,116.6512139647828,68.13910723472023,8.709416644128089e-05,0.0002649304633777645,0.0001354397828676033
90,-151.02706746629568,13.669187798253818,-2.7199516143953097,-0.00022569678469200644,2.863819711483948e-05,-6.491903667427603e-06
91,82.43629146852442,-67.90857885095718,102.94659002119433,0.00013361054245295185,-0.00015291798504913913,0.00021075889264120313
92,99.69234934763882,-33.35843157415149,103.3234229538224,0.0001623569605789697,-7.301763221926095e-05,0.00021279982556674895
93,71.98713082719243,-127.15178644288282,-38.15090522555068,0.00010747465937714592,-0.0002758733377870739,-6.704681780941952e-05
94,-120.40642824069468,85.17659576731111,-38.36492837582836,-0.00018140928655946376,0.0001805357157012057,-6.952199178295379e-05
95,-52.094812835805634,-27.140660538349152,138.98207416044932,-7.85755783826946e-05,-5.4844644360943555e-05,0.00029749854197689976
96,-109.58284189277768,-101.46557316851728,32.10839506886367,-0.00016308974234745024,-0.00021529671159268259,6.205304575755212e-05
97,72.51103979285686,106.47113147101096,68.51028815487354,0.000115275731954095,0.0002422847927251659,0.00013585231186319233
98,-93.97103557410172,113.98130293252964,-37.955466802606864,-0.0001401597795087467,0.0002438914846027232,-6.986938462134457e-05
99,103.7668881262481,7.471575373679546,103.18028495719884,0.00016846347531630754,1.958427126427992e-05,0.00021525328748788378
100,54.57705674400073,-137.38422583446234,32.106554111643625,8.135404258818333e-05,-0.0002951319282653625,6.029436951319883e-05
101,-21.46860336519028,144.7835733958267,-37.73611758225622,-3.056310626037587e-05,0.0003125449942897,-6.798043606259473e-05
102,-121.46851098900127,-86.12196783022846,31.866908370639763,-0.00018287485009642484,-0.00018170816653077454,6.04463538799948e-05
103,120.97927672388391,44.6716262273754,68.35841169671698,0.00019295059941303229,0.0001022854788536837,0.00013646024933037617
104,100.43812481651833,26.228351554325123,103.05887789521856,0.0001639904532712076,6.348604121591406e-05,0.0002145150777063034
105,93.10242345992296,-51.76768418008396,103.21299639212192,0.0001509072454464613,-0.00011598578391771989,0.00021197476757557084
106,-144.59509022315677,29.271682003382388,32.32686039153531,-0.00021890328704671805,6.318207248232214e-05,5.97949923080121e-05
107,69.36463693023026,76.31051279347224,103.54208291743149,0.00011304685407496669,0.00017873361535205353,0.00021625204189825722
108,36.9995079027314,123.84717565079946,68.01556657595295,5.84088134626364e-05,0.0002821698329829067,0.00013476670924322115
109,82.82081108846691,61.61176612411727,103.45965952230848,0.00013446545451617915,0.0001458398559669271,0.00021653429857944976
110,126.4795981212769,26.097839908035333,68.18787273439888,0.00020183557835585885,6.012067309400344e-05,0.00013687277832596524
111,53.67506146329462,-136.24545814376938,-37.990010793862965,7.975108246963215e-05,-0.00029558788136575034,-6.726393833341375e-05
112,-139.8831844321032,-50.572328447158775,31.75752631637121,-0.0002112090784776724,-0.00010526003003240471,5.879623789763862e-05
113,-131.17639200568527,67.68384975157528,-38.75491696662382,-0.00019869072326612986,0.00014238763963541875,-6.854494942497974e-05
114,-95.26022565977432,-114.96415370159662,32.13950864809706,-0.00014141161502990093,-0.0002465837791002517,6.0620050299190186e-05
115,-54.72047745240168,11.236606947142144,138.97442438991095,-8.2270019798784e-05,2.785656322846024e-05,0.00030101589446560625
116,69.32131824974057,-83.0983134019845,103.09320153289084,0.00011162708939853565,-0.00018904684024177964,0.00021008581901682102
117,40.198690298306666,28.647256792908408,139.23184540717477,6.130940796287186e-05,6.656915265663219e-05,0.00030503262415949964
118,54.122110029775946,88.04664744477643,103.41745293274606,8.849866483086859e-05,0.000206394770108919,0.0002160132093218636
119,103.98212181165918,-13.510380648401837,103.30801588362544,0.000169058860503198,-2.8095395804853896e-05,0.00021566581648347282
120,129.1494279620101,5.904280760820348,68.14001419638035,0.00020643073069570556,1.5111588469998697e-05,0.00013706818679756007
121,-132.35512996711603,-68.4636959594509,32.136790071987065,-0.0002000494227951875,-0.00014310413736459972,6.196619754795443e-05
122,-147.418090111322,9.397811151766817,32.07998583873465,-0.00022365110225499823,2.0691585936650513e-05,6.0598338246790763e-05
123,-42.915440656056525,-142.4928296823932,32.117131701975865,-6.230171660768927e-05,-0.00030605309062227247,6.200962165275329e-05
124,-45.72289115382048,29.312986202204893,138.45677752650687,-6.769071586338991e-05,6.728565038581316e-05,0.0003026660104479625
125,53.27062345085485,-95.30257241707945,103.0350210530744,8.628505323858363e-05,-0.0002167297070510445,0.00020845741508686424
126,-147.5203846633038,-10.875594361781374,32.39317142095328,-0.00022386483027080507,-2.040932925545801e-05,6.111942750437692e-05
127,-56.96026765632563,-8.165821488500171,138.9831260187954,-8.57659994859099e-05,-1.4742483579208499e-05,0.0003007119257320143
128,119.94251164508032,47.58504305548083,-72.99013956978429,0.00019139343815501115,0.00010330594531645661,-0.00014410289177497324
129,15.827595779722024,-147.36886859456268,32.006365493936684,2.4120733212484457e-05,-0.0003173867819747715,6.0207521303601145e-05
130,111.70475463862196,66.05917490548146,-73.29954136471619,0.0001771347262433273,0.00014440686050856515,-0.0001456661595477317
131,25.68578983163565,42.14676089384704,138.71830803995036,4.0745719584886717e-05,9.525077387627052e-05,0.0003051846085262956
132,125.48909918033728,29.83323186521626,-73.17491247399275,0.00019978989591885066,6.331234479671868e-05,-0.00014432001229896745
133,-139.1210390223072,48.82907409266638,-38.09258613674244,-0.00021186552881193623,0.00010195979806769235,-6.698168165222126e-05
134,110.77333687796036,-67.16464824378853,-73.88509797094757,0.00017405093630097168,-0.0001525705922107483,-0.0001455575992857346
135,100.93248913223428,82.39459202200817,-72.43672621715984,0.00016055553873145506,0.00018199042321196706,-0.00014310413736459975
136,128.15583025388102,-11.253125555249094,-72.96148714173687,0.0002039881248007704,-2.7422322180471777e-05,-0.0001443417243513669
137,-92.03347799248512,94.65454776708674,67.45573911329915,-0.00014333516717216237,0.00021473219823029758,0.00013467986103362349
138,-121.87510093347836,-84.32868573228977,-38.76285304361792,-0.00018427934848601254,-0.00018060085185840396,-6.748105885740799e-05
139,-78.96591089744302,-127.64189408646008,31.95697538723636,-0.0001165123011884059,-0.0002735501481803356,6.0185809251201715e-05
140,-145.8342749993531,-30.831454186145837,31.974165127317303,-0.00022030778543630577,-6.379000994950598e-05,6.0685186456388455e-05
141,-79.62587967346447,-124.60508635363864,-38.44564158467148,-0.00011903123851755777,-0.00026998937158683015,-6.65691526566322e-05
142,35.73329297140874,97.00733604589472,103.75455347445104,5.84393460363231e-05,0.0002274771729887591,0.00021766332530421978
143,-2.371621921585892,104.16345115339904,103.6317696987396,-2.8395293528620943e-06,0.0002437829243407261,0.00021590464905986648
144,-3.6578663680233032,-149.12749501488418,31.308638195933725,-5.0073420846170255e-06,-0.00032051331752028846,5.747180270127378e-05
145,125.86893110124228,-30.30494216417621,-73.28610599189597,0.00019943877132145373,-7.01082171977382e-05,-0.0001439943315129761
146,36.051348824275976,-103.32823976071654,103.0589968882957,5.8149286586299554e-05,-0.00023548892032414635,0.00020939103334003946
147,-144.48606393305704,30.574057965414653,-38.030224272911006,-0.0002198650631178488,6.283467964393137e-05,-6.70251057570201e-05
148,7.584986882116307,49.16569015710794,138.99118744915154,1.309847411158966e-05,0.00010964586461708824,0.0003064004834606633
149,-110.36034772109848,-99.95409447019988,-38.71697528474039,-0.00016577660883187892,-0.00021460192591590105,-6.8045572219793e-05
150,71.58518959502437,109.58843624249032,-72.90202241191564,0.00011298578892759333,0.0002440651810219186,-0.0001447976774517548
151,129.0598380841464,-14.277310316215342,68.03444859119539,0.00020688871930100593,-2.9332982791621034e-05,0.00013763270015994505
152,35.58104244390046,-144.4528335084966,32.31816003087304,5.2363363872671936e-05,-0.00031163308808892425,6.1032579294779234e-05
153,119.97653332910338,-52.30576876679679,68.08426946553593,0.00019188195933399815,-0.0001144225161449614,0.00013724188321675542
154,-31.2540862448491,42.80049320235622,139.47547347002418,-4.621105027480407e-05,9.620610418184515e-05,0.0003046852313211089
155,-23.706230352340278,-146.9489194625878,31.83038075295114,-3.4227015102778575e-05,-0.00031669199629798993,6.14668203427677e-05
156,120.10861675937618,-48.44023627377887,-73.32531206377853,0.00019075225410759066,-0.00011047092260826635,-0.0001441463158797721
157,88.11981599693371,96.48117079676864,-73.58629623714258,0.00014000711664031323,0.00021360317150552756,-0.00014607868854332075
158,54.32459824345899,119.23356296276114,-73.01590778511508,8.570493433853653e-05,0.00026662400346491957,-0.000143885771250979
159,-76.14408916698521,107.29594231709088,68.14160148091722,-0.00011877171164122092,0.0002440651810219186,0.0001361997047015831
160,-106.0886184350358,79.63179150761724,67.87528914898606,-0.00016568501111081886,0.00018040544338680917,0.0001363734011207785
161,100.18900793531571,-86.91246040464588,67.9375166328679,0.00015947163236557758,-0.0001909357888005295,0.00013758927605514622
162,-95.2194952359178,-114.37519135513227,-38.79305356263457,-0.00014284664599317531,-0.000247213428619835,-6.682969728542529e-05
163,16.43380203726982,-108.8643870680473,103.20806114506352,2.6990795139033234e-05,-0.0002488418325497918,0.00020847912713926368
164,111.21696060735752,-70.33236885729167,67.8984611919943,0.0001779896383065546,-0.0001547635095030901,0.00013726359526915487
165,-61.536774250629584,-137.58461838151953,31.960611148783727,-8.991842950729964e-05,-0.0002949799438985665,5.9773280255612674e-05
166,-23.22753610043973,-108.26739736925208,102.75865485860037,-3.767719592937445e-05,-0.0002469311719386425,0.0002078711896720798
167,-59.626992335083166,117.40692979685626,68.05930211465633,-9.225417139433136e-05,0.0002671233806701063,0.00013613456854438485
168,-139.73006241062447,-48.32671260551604,-38.65271576627684,-0.00021299523403834375,-0.0001031973850544595,-6.856666147737916e-05
169,-132.20751938194576,-66.8852996006666,-39.0475925890337,-0.00020145392118477523,-0.0001430607132598009,-6.83278289009855e-05
170,-2.464429901054745,-110.75495143300849,102.63891554127883,-4.976809510930336e-06,-0.0002530539707152799,0.00020800146198647634
171,-41.80179001848773,-102.9562455542616,102.7087367056329,-6.74464552738964e-05,-0.00023446845386137344,0.00020778434146248212
172,100.30133840717346,-83.62133930447077,-73.47160637555008,0.00015829612827864006,-0.0001901758669665497,-0.00014329954583619457
173,-74.61868112106939,76.43554806921283,103.39219613441335,-0.00011967242256497825,0.00017997120233882068,0.00021460192591590108
174,87.13394749427849,-97.42797056935748,-73.8081594751218,0.00013655693581371737,-0.00022102869342613036,-0.00014440686050856517
175,-144.89753152315402,-29.701160841681343,-38.428629068731695,-0.00022107109977847304,-6.30518001679256e-05,-6.798043606259473e-05
176,71.66141800918479,-108.77289198310294,-74.00862303809625,0.00011243620260123292,-0.0002469094598862431,-0.00014475425334695594
177,129.30790971418477,9.76474452561311,-73.37257148592177,0.00020646126326939228,1.869407711590356e-05,-0.00014464569308495883
178,-116.93223381020836,63.68902653745075,68.14624474322638,-0.00018350076785700198,0.00014458055692776053,0.00013604772033478713
179,-58.74097459537666,88.88485329329524,103.22181375994889,-9.433038640502622e-05,0.0002080014619864763,0.00021514472722588665
180,16.734843636089344,103.32745769371336,104.00096474998892,2.76625117601404e-05,0.0002427841699303526,0.0002169468275750388
181,-125.332814940752,45.68226109097312,67.90212943182564,-0.00019710302943442204,0.0001037618984168445,0.00013541807081520385
182,26.574725219242712,47.013925269932926,-144.79899910140932,4.056252414276658e-05,9.570672697665842e-05,-0.00030857168870060566
183,-12.867998016132702,50.58781011995413,139.2503196875407,-1.787682189355652e-05,0.0001127506881102058,0.00030720382939944195
184,7.823127850670106,54.65175456065159,-144.39290406142803,1.2487822637855875e-05,0.00011194734217142713,-0.0003081157356002177
185,49.72935884567392,15.0417089451928,-144.25045236794378,7.50795986955687e-05,2.6988081132483303e-05,-0.0003093750346393843
186,-88.23953978379558,-67.42094102770383,102.01627129244886,-0.0001426634505510552,-0.0001515067016431766,0.00020939103334003946
187,-40.993272969203005,97.80569823539324,103.22496708559906,-6.555343570532168e-05,0.00022984378670029627,0.00021555725622147571
188,-21.79219451916348,102.96605989377504,103.62719087692216,-3.396748822644172e-05,0.00024284930608755087,0.00021610005753146128
189,40.401477031649165,33.98122058586546,-144.14414765064268,6.095828336547495e-05,6.771989143380163e-05,-0.0003097224274777751
190,125.85041228171796,-33.49697154348013,68.14188435075145,0.00020299581615595302,-7.260510322367189e-05,0.00013976048129508856
191,-130.87537090863188,27.45288216789547,67.65606138922801,-0.00020595747580356185,6.374658584470715e-05,0.00013533122260560619
192,-148.02002179839064,-9.309952618503091,-38.30770536771851,-0.00022584944756043988,-2.1581780085026874e-05,-6.780673964339934e-05
193,-147.34137787579056,11.528283638149007,-38.89038944081041,-0.00022565098583147638,2.275423091459574e-05,-6.906603868256589e-05
194,-88.41945023255083,61.89257156060391,103.06748333376528,-0.00014246498882209172,0.00014579643186212824,0.00021477562233509646
195,71.87785132462676,-113.42843602831226,67.52676973952612,0.00011377963584344724,-0.00025244603324809604,0.00013617799264918368
196,87.26498693496256,-101.38364869155504,67.87410804836625,0.00013823622736648525,-0.00022519740748681966,0.00013826234967952833
197,-133.95538386367753,7.029461577334713,67.87272553041065,-0.0002107663561592154,1.8107851701119127e-05,0.0001356351913391981
198,-12.131409264359254,55.44688030550014,-144.50898767872914,-1.7693626451436378e-05,0.00011301123273899887,-0.00030852826459580677
199,36.12912360290027,127.1987231014994,-72.92246372585647,5.71722442283255e-05,0.00028492726363763346,-0.000144450284613364
200,-105.69372724830076,26.80874392298587,103.30209487128752,-0.00017044809260594236,6.528814156506622e-05,0.00021377686792472297
201,-74.48449524277441,-83.16625812663152,102.50810812901918,-0.00012104638838087926,-0.00018837376661739755,0.00020895679229205097
202,-58.58910533587743,-94.36475387868772,103.27025393701572,-9.463571214189312e-05,-0.00021564410443107335,0.00021041149980281234
203,17.555577149754207,131.38680311412222,-72.7081962257703,2.8120500365440737e-05,0.0002943068702741844,-0.00014449370871816284
204,-105.71888009652754,-31.72976686656498,103.0754794338794,-0.00017163886297972324,-6.865350968697684e-05,0.00021197476757557084
205,-109.41122632455892,-13.03303017750116,102.73161063444768,-0.00017812703488814468,-2.655384008449484e-05,0.00021084574085080082
206,53.64671891238287,-123.65765666573944,67.49381432300311,8.52469457332362e-05,-0.0002764812752542578,0.0001352660864484079
207,54.42039256318469,-119.5893490795491,-73.85237991841682,8.488055484899593e-05,-0.0002725296817175627,-0.0001441897399845709
208,-108.93975681990744,7.528438737427137,103.35394889483946,-0.00017702786223542386,2.0735010041449362e-05,0.00021458021386350166
209,-134.56175410667848,-12.226691327740134,67.54560748807883,-0.00021188079509877955,-2.4187226372957686e-05,0.00013617799264918368
210,83.67008596569846,63.23559795220248,-108.5113405369078,0.00013559515974258666,0.00014069409954826372,-0.00023023460364348595
211,70.32611034273388,78.54071138002627,-108.26880076326538,0.00011382543470397727,0.00017664925832170888,-0.00022938783359990845
212,-131.28248999134365,-32.68172067484143,67.57078362002717,-0.00020650706212992228,-7.015164130253705e-05,0.0001373070193739537
213,-98.76357131446068,-51.528105892719225,103.01757337132015,-0.00016025021299458816,-0.0001160074959701193,0.00021134511805598758
214,-30.13789314033345,48.50757625994094,-144.45505061790362,-4.524927420367337e-05,9.842073352658634e-05,-0.0003103955011021572
215,-99.58103924627446,44.71745505369493,103.261783929616,-0.00016141045079468236,0.00010686672190996206,0.0002152967115926826
216,94.32946611475404,46.22616982135645,-108.21055099586876,0.000152357542696579,0.00010295855247806583,-0.00023040830006268136
217,54.69109172571259,90.64307584466916,-108.52321880646178,8.848339854402524e-05,0.00020428870102617491,-0.00023040830006268136
218,-21.12647532011764,131.68860443650823,-73.23717327657647,-3.297517958162432e-05,0.0002950885041605636,-0.00014642608138171155
219,35.881605726337746,-130.8181243882035,67.59891199019783,5.6943249925675316e-05,-0.00029293901097302065,0.0001355483431296004
220,-118.04286231364463,-68.7379151161199,67.5843162359833,-0.00018466100565709616,-0.00015111588469998697,0.00013778468452674104
221,-78.06126217197475,-112.80222439930095,67.23201654089655,-0.00012063419863610894,-0.0002506656449513433,0.0001361997047015831
222,-1.843576706828512,133.17182654778182,-73.09894401517185,-2.732665344958682e-06,0.00029930064232605173,-0.00014616553675291845
223,101.04997765821687,28.40768466602704,-108.27721324397864,0.0001638225241159308,6.107600339957806e-05,-0.00023023460364348595
224,103.38377071628967,-11.169578052852192,-108.45926300131524,0.00016577660883187892,-3.0310025149595086e-05,-0.0002335348356081983
225,37.550948307283385,100.03140265759048,-108.62549200759496,6.092775079178826e-05,0.00022567507263960697,-0.00022949639386190553
226,16.486951510437763,-131.11959748209406,-74.3068724939577,2.4624520678314822e-05,-0.00029856243254447137,-0.00014405946767017438
227,-106.81848410006316,-85.0938706376083,67.47143708548882,-0.0001669368466319731,-0.00018893827997978256,0.00013837090994152544
228,-126.49354970410732,-51.36554263662705,67.297566270792,-0.00019916397815827354,-0.00011166508549023461,0.0001363734011207785
229,-58.82041044367619,121.0250997974206,-73.65923479852677,-9.220837253380132e-05,0.00026979396311523535,-0.00014640436932931213
230,-93.44262570447488,-100.24988000067628,67.7821372234395,-0.00014504499129861694,-0.00022285250582768193,0.00013876172688471507
231,-76.47189709828551,110.77453111674676,-73.15654181817067,-0.00012115325238878267,0.00024723514067223444,-0.000143885771250979
232,-40.895679669673896,127.3691905453056,-73.19804255416527,-6.43321327578541e-05,0.0002864471073055931,-0.0001462089608577173
233,-4.147203342686243,-136.3358011142093,67.29307871692463,-5.908053008374356e-06,-0.0003056839857314823,0.0001354397828676033
234,15.712787284811643,-134.87547517672667,67.30182057401876,2.6380143665299453e-05,-0.0003032522358627468,0.00013693791448316352
235,104.66287070126567,8.507992758102912,-108.58235148592276,0.00016962371311640174,1.461221126481196e-05,-0.00023175444731144556
236,35.580691137933144,-127.57063875763669,-73.8136962122922,5.434798116230674e-05,-0.0002922442252962392,-0.00014410289177497324
237,-105.8753897740402,83.42556034961625,-73.77917759957931,-0.0001685398067505243,0.00018377081150871977,-0.00014464569308495883
238,-92.51143238562098,98.072377635433,-73.81520643491265,-0.00014654108740926473,0.00021792386993301283,-0.00014603526443852195
239,-116.38438937372456,67.62579813936028,-73.43973244687656,-0.0001858365097440337,0.00014792421299727172,-0.00014386405919857958
240,51.12025570601608,-4.170833005459484,-144.62923102098014,7.59039781851093e-05,-1.4829331788806192e-05,-0.0003171479493983779
241,17.869418472724707,106.00981226468951,-108.42798204158028,2.870061926548783e-05,0.00024033070800921777,-0.00023043001211508075
242,-0.8456757062618481,108.06565425195656,-108.74270788727684,-1.8166881343580062e-06,0.0002444559979651082,-0.00022969180233350036
243,-44.95636600682655,34.62618943632662,-144.6707456541173,-6.813343818184692e-05,6.798043606259471e-05,-0.0003139128535908638
244,-60.8731683782318,-123.29199620614676,67.31134203294751,-9.364340349707573e-05,-0.00027589504983947333,0.00013837090994152544
245,-41.82729920411225,-126.97539215932966,-74.17787179222465,-6.651521177645238e-05,-0.00028911768975072217,-0.00014347324225538996
246,-116.4216705715684,-66.29950893302262,-74.16514010611706,-0.00018605023775984054,-0.00015059479544240082,-0.00014384234714618017
247,-105.96691558050736,-82.01767555895931,-73.9390094417904,-0.0001690893930768847,-0.0001874184363118229,-0.00014327783378379513
248,-3.2513546789647685,-132.7304640117511,-74.12389627131206,-5.450064403074019e-06,-0.00030362134075353705,-0.0001459267041765248
249,-92.73196956594252,-97.01550711049464,-74.13903478724384,-0.0001478997869383224,-0.00022074643674493787,-0.00014369036277938423
250,-77.41270358584492,-109.32513620309474,-74.3636788461996,-0.00012300047309682735,-0.0002497103146457687,-0.00014403775561777496
251,-54.08402914544498,16.841164744696982,-144.43854420021208,-8.358292046731164e-05,3.0223176939997395e-05,-0.00031410826206245855
252,-23.299567198294227,-131.3433290461759,-74.39093104396937,-3.7051278168797324e-05,-0.0003002559726316264,-0.00014494966181855077
253,-20.89762796857282,105.98033993533237,-109.28649306157536,-3.547885062393283e-05,0.00024028728390441893,-0.00023173273525904618
254,-131.4957590959074,30.1045354372366,-73.54790460715861,-0.0002104915629960352,6.387685815910368e-05,-0.0001426916083690107
255,-60.639130412398046,-119.0612010269789,-74.13967495890228,-9.65134654236245e-05,-0.0002723559852983673,-0.00014518849439494442
256,-124.96389718892028,49.88756164085393,-74.70218107460217,-0.00020017155308993428,0.00010819115710632687,-0.0001465563536961081
257,45.01646549892703,-23.08929422261088,-144.764434273153,6.662207578435579e-05,-5.469265999414758e-05,-0.00032020934878669653
258,100.3357528104812,-30.7323652634075,-109.24078255911392,0.00016206690112894616,-7.421179510122923e-05,-0.00023674821936331297
259,-39.74143505298022,101.11839392323304,-109.32713845087268,-6.468325735525103e-05,0.00022847592739913262,-0.00023346969945100003
260,82.63106903882198,-66.64092603313318,-108.80932932143918,0.00013298462469237473,-0.00015667417011423936,-0.00023425133333737928
261,-125.35349712616927,-48.12357065431127,-74.06151498421977,-0.00020125545945581176,-0.00010997154540307959,-0.00014568787160013113
262,93.41147104094344,-48.78171571576448,-109.0073530964994,0.00014931955161475344,-0.0001173102191140847,-0.00023752985324969222
263,-57.77730200828969,92.40394081591889,-108.9496643807279,-9.503263559982007e-05,0.00020895679229205095,-0.00023181958346864384
264,52.61014689195462,-92.87891777748035,-108.95745185062523,8.243794895406078e-05,-0.00021627375395065663,-0.00023488098285696257
265,-134.4645119320243,-9.576970190068774,-74.06955069845276,-0.00021632328457019283,-2.449119510654961e-05,-0.00014421145203697037
266,-134.2432996808021,11.153624674438596,-74.42498524313058,-0.0002161706217017594,2.192917292341765e-05,-0.00014544903902373747
267,33.2105155962122,-39.10926345465505,-144.5251402893641,4.927957393031634e-05,-9.023528977200372e-05,-0.00032112125498747233
268,-86.46512091459319,65.90954395561039,-109.46534989617186,-0.0001410299578588173,0.0001465129295913092,-0.0002335348356081983
269,-131.6350199507105,-29.328780124035173,-73.52216062670547,-0.0002119723928198396,-6.813242042939067e-05,-0.0001444285725609646
270,-73.3578698717415,80.30689895041168,-108.65544108532028,-0.00012051206834136219,0.00018077454827759937,-0.00023449016591377291
271,69.3296245170948,-80.0549508305048,-108.94464031824384,0.00011003939556682781,-0.0001891554005037768,-0.00024004845132802533
272,-56.77880098225137,-2.33947638733589,-146.4021791826677,-8.701783500706417e-05,-1.1398827509697294e-05,-0.0003200790764723
273,16.07385592002219,-49.34809945692705,-144.5908350107722,2.1372801580682426e-05,-0.00011251185553381212,-0.00032383526153740026
274,-51.25139143309245,-22.093293647031103,-145.39071250678637,-7.994954419859561e-05,-5.3715617636173525e-05,-0.0003208607103586793
275,34.60731689303659,-100.8749348198036,-109.0842172295959,5.088253404886752e-05,-0.00023735615683049673,-0.0002396359223324363
276,-3.812024316043437,-52.49658747603181,-144.0734486023897,-1.1205454543014929e-05,-0.00011919916767283456,-0.0003252682569957622
277,-38.68531648932102,-38.350369455030055,-144.6987100655804,-6.129414167602853e-05,-8.910626304723369e-05,-0.00032383526153740026
278,-22.480057384870022,-48.599410476590286,-144.7559494478541,-3.712760960301405e-05,-0.00010962415256468883,-0.00032498600031456975
279,-96.5889681590052,49.84863053240787,-109.94789161465978,-0.0001596090289471677,0.00010992812129828075,-0.00023848518355526686
280,-104.51762349306404,30.776311253098385,-109.67647074990028,-0.0001726617041982273,6.728565038581316e-05,-0.00023842004739806858
281,-108.1560437419809,10.920519709396224,-109.7085779799442,-0.00017805070345392797,1.951913510708165e-05,-0.00024100378163359996
282,16.020612034071593,-106.52366224039798,-109.2100982638644,2.325055486241381e-05,-0.0002528151381388862,-0.00024169856731038147
283,-108.8233982674254,-9.097546290616725,-109.24694877713232,-0.0001806765047909832,-2.5229404888130007e-05,-0.00023976619464683284
284,-98.46061171483436,-46.88430984356348,-109.50100813432913,-0.0001645705721712547,-0.00011320664121059368,-0.00023889771255085587
285,-41.533763286472414,-99.88459403665988,-109.36126159025628,-7.217900419533322e-05,-0.00023579288905773826,-0.00024217623246316884
286,-105.74305491288096,-28.168889300987196,-109.41554732080742,-0.00017631034675378668,-6.923973510176127e-05,-0.0002398530428564305
287,-88.53076235366572,-64.02526044799794,-109.47853348089028,-0.00014770132520935893,-0.00015211463911036043,-0.00024126432626239304
